clone,U_LTXSIM039_SU_T1.R1,U_LTXSIM039_SU_T1.R2
clone14,0.0,0.03847182988005458
clone15,0.10490609353322042,0.0
clone18,0.0,0.019542486854944006
clone19,0.1031125071697333,0.3471206267754909
clone21,0.0,0.11328931867367067
clone7,0.7919813992970463,0.0
clone8,0.0,0.48157573781583995
clone12,0.0,0.0
clone13,0.0,0.0
clone16,0.0,0.0
clone17,0.0,0.0
