segment,sample,cpnA,cpnB,tumour_id
11_65545995_65629325,U_LTXSIM001_SU_T1.R1,4.0,2.0,LTXSIM001
11_65545995_65629325,U_LTXSIM001_SU_T1.R2,4.000000000000001,2.0000000000000004,LTXSIM001
11_65545995_65629325,U_LTXSIM001_SU_T1.R3,4.0,2.0,LTXSIM001
