segment,sample,cpnA,cpnB,tumour_id
16_81211548_81816818,U_LTXSIM001_SU_T1.R1,1.9112663698615384,2.0,LTXSIM001
16_81211548_81816818,U_LTXSIM001_SU_T1.R2,1.0754594310917192,2.0000000000000004,LTXSIM001
16_81211548_81816818,U_LTXSIM001_SU_T1.R3,1.4114989044134187,2.0,LTXSIM001
