segment,sample,cpnA,cpnB,tumour_id
3_10077023_10191734,U_LTXSIM001_SU_T1.R1,4.0,2.0,LTXSIM001
3_10077023_10191734,U_LTXSIM001_SU_T1.R2,4.000000000000001,2.0000000000000004,LTXSIM001
3_10077023_10191734,U_LTXSIM001_SU_T1.R3,4.0,2.0,LTXSIM001
