segment,sample,cpnA,cpnB,tumour_id
1_6204266_6634901,U_LTXSIM001_SU_T1.R1,3.0,2.0,LTXSIM001
1_6204266_6634901,U_LTXSIM001_SU_T1.R2,3.000000000000001,2.0000000000000004,LTXSIM001
1_6204266_6634901,U_LTXSIM001_SU_T1.R3,3.0,2.0,LTXSIM001
