segment,sample,cpnA,cpnB,tumour_id
22_46829252_47073142,U_LTXSIM001_SU_T1.R1,1.1130132777260977,2.886986722273902,LTXSIM001
22_46829252_47073142,U_LTXSIM001_SU_T1.R2,1.900950445563021,2.09904955443698,LTXSIM001
22_46829252_47073142,U_LTXSIM001_SU_T1.R3,2.0,2.0,LTXSIM001
