segment,sample,cpnA,cpnB,tumour_id
1_752894_1871979,U_LTXSIM039_SU_T1.R1,3.0,3.0,LTXSIM039
1_752894_1871979,U_LTXSIM039_SU_T1.R2,3.0000000000000004,3.0000000000000004,LTXSIM039
