segment,sample,cpnA,cpnB,tumour_id
2_41509_3815485,U_LTXSIM039_SU_T1.R1,2.0,2.0,LTXSIM039
2_41509_3815485,U_LTXSIM039_SU_T1.R2,2.0000000000000004,2.0000000000000004,LTXSIM039
