segment,sample,cpnA,cpnB,tumour_id
10_105233110_135381927,U_LTXSIM039_SU_T1.R1,3.0,3.0,LTXSIM039
10_105233110_135381927,U_LTXSIM039_SU_T1.R2,3.0000000000000004,3.0000000000000004,LTXSIM039
