segment,sample,cpnA,cpnB,tumour_id
4_52660118_190878661,U_LTXSIM039_SU_T1.R1,4.0,4.0,LTXSIM039
4_52660118_190878661,U_LTXSIM039_SU_T1.R2,4.000000000000001,4.000000000000001,LTXSIM039
