segment,sample,cpnA,cpnB,tumour_id
3_239347_9406748,U_LTXSIM039_SU_T1.R1,3.0,2.0,LTXSIM039
3_239347_9406748,U_LTXSIM039_SU_T1.R2,2.88671068132633,2.0000000000000004,LTXSIM039
