segment,sample,cpnA,cpnB,tumour_id
5_178411315_180687830,U_LTXSIM039_SU_T1.R1,2.0,3.0,LTXSIM039
5_178411315_180687830,U_LTXSIM039_SU_T1.R2,2.0000000000000004,3.0000000000000004,LTXSIM039
