segment,sample,cpnA,cpnB,tumour_id
6_203397_32427885,U_LTXSIM039_SU_T1.R1,2.0,2.0,LTXSIM039
6_203397_32427885,U_LTXSIM039_SU_T1.R2,2.0000000000000004,2.4815757378158403,LTXSIM039
