segment,sample,cpnA,cpnB,tumour_id
8_144063664_146279571,U_LTXSIM039_SU_T1.R1,1.7937749856605334,2.2062250143394664,LTXSIM039
8_144063664_146279571,U_LTXSIM039_SU_T1.R2,1.3057587464490183,2.6942412535509823,LTXSIM039
